,symbol,ID,GrupID,PF14,PF19,PF23,PF39,PF46,PF15,PF32,PF33,PF43,PF47
210513_s_at,VEGFA,210513_s_at,2,8.46745297847146,7.87185037901973,8.51913782243908,9.16182360527407,8.05695806384652,7.4767382851411,6.83475069912033,7.18743577876423,7.12778619385729,7.40030255044925
206155_at,ABCC2,206155_at,2,6.91134474832036,6.34636218672178,7.30180557031776,8.18695614379364,6.84724088470913,6.21456703495089,5.96808940267986,5.79361899320517,6.19591490802712,6.22823045864955
219529_at,CLIC3,219529_at,2,8.20556604810006,6.10381343573198,7.54215918065716,8.82616564916687,6.47813154688109,5.39190230398048,5.33329552792998,5.28846189566835,5.76196917242903,5.38345612747837
221042_s_at,CLMN,221042_s_at,2,8.39285545955937,7.31202128430355,8.94130307451144,9.47441713613001,7.42971630395908,7.07453120834666,6.40262993972727,7.03361013456412,7.65845586597983,7.18700354374787
215856_at,SIGLEC15,215856_at,2,8.01382772676601,7.96537920788122,8.9486791493698,9.67376432580606,7.60744289810872,7.39775615716182,7.46272850810197,7.26364576049642,7.35879134678835,7.45702071991097
209917_s_at,TP53TG1,209917_s_at,2,7.61295123423354,7.1976569714477,8.77668306834392,8.84976305460083,7.24266864637019,6.66575468472852,6.41843229865709,6.95848817703305,6.65724664970193,6.54408169327375
218924_s_at,CTBS,218924_s_at,2,7.95282374751465,7.39964131497549,9.02805877954451,8.78779930185821,8.11651397352387,6.83586256400447,7.59854066383171,7.11147984984026,7.35750406340317,7.13992936266782
209822_s_at,VLDLR,209822_s_at,2,9.69207837016919,7.76976821670918,10.0574051106139,10.165292125067,8.64180437237869,6.69069800025835,7.60789271382601,7.86584558238669,8.42357159900955,7.74779800241141
204818_at,HSD17B2,204818_at,2,9.36570598886355,7.81416130498948,9.21313987656165,8.50180799833473,7.74144611426171,6.86904594635276,7.62293368844238,6.51533130657482,6.98478253379917,7.02526665055753
202912_at,ADM,202912_at,2,10.2961919938308,8.75427469520809,10.2001585126653,10.4119645811376,9.6184015946531,7.59324747100596,8.47507852672165,6.98768278812282,7.90529403302353,7.98346713606452
203740_at,MPHOSPH6,203740_at,2,11.6974444325161,11.6570668547892,12.1741213359061,12.4885060350739,11.996075820409,10.417531345993,10.9602687337199,9.80869163449918,9.88835256049021,10.3693319739102
219806_s_at,SMCO4,219806_s_at,2,11.357721938422,10.7807171951959,10.7697361337005,11.795229108223,10.1148217563083,9.83082451862497,9.70598882635093,9.64752915851903,9.07180835095497,10.1632562352533
205379_at,CBR3,205379_at,2,10.2320051717143,9.74208306468395,9.51965082137734,10.2416547281802,9.05722544281468,8.30718329968836,8.57151912169237,8.02411790198815,8.33026286381869,8.6514160970314
213831_at,HLA-DQA1,213831_at,2,10.2241802695628,9.90997305998083,10.5562008265104,10.8816522030149,8.06135334847219,6.45289752081063,6.17115711575738,5.96532035612853,6.07332400768169,6.43005951598347
209480_at,HLA-DQB1,209480_at,2,7.6028302830562,8.08202680605405,8.45983689736216,8.69460860477948,6.6456721448135,5.01512733082424,5.06324113495838,5.02196597077683,5.00498595730107,4.98769449665523
221489_s_at,SPRY4,221489_s_at,2,10.1191979982677,9.80997416984205,9.5434779235941,10.7723165456204,9.84887438911803,9.13769392948112,8.70796763052625,8.89055978673689,9.00179932055454,8.98116946172982
208872_s_at,REEP5,208872_s_at,2,11.8659212971943,11.1722053889809,11.117570210657,12.4532543886081,11.0676779406369,10.4862055712343,9.42854563220114,10.6457506999053,10.0267633795365,9.62862416948897
202862_at,FAH,202862_at,2,10.1867532553618,8.72685066974872,8.0666072239942,9.91339825049359,8.75486082204063,8.03777585809611,7.66840867633374,8.42074443380126,7.71876990337466,7.14064955575601
222257_s_at,ACE2,222257_s_at,2,10.951469438714,6.36725225580739,7.2859501513192,12.6990939430372,7.75698027129885,6.30534450290788,6.36054138139496,6.25907683628234,6.33603781360629,6.38287618166633
219962_at,ACE2,219962_at,2,10.1198930102742,4.64340306965904,5.67154446247655,11.8285062386581,5.63664136241379,4.54005218970292,4.476228090158,4.50732245027103,4.60926308738806,4.67642774444759
205307_s_at,KMO,205307_s_at,2,10.0853016014059,6.72273510069232,8.19215433284566,9.40146135241056,8.38629889773099,6.44607332127992,6.44118089634011,6.32968345249438,6.54485899108709,6.84478364463839
207469_s_at,PIR,207469_s_at,2,7.74971966960085,5.9356618944731,7.12254883357158,6.89310997329888,5.57544555540087,5.67646511858937,5.25502709193211,5.18797516383433,5.41631565554471,5.58692935379094
206561_s_at,AKR1B10,206561_s_at,2,10.2828355557265,6.40170320683181,8.41005122118832,8.43372882766809,7.03317304412196,7.02843875062956,6.60910923726748,6.30991068771429,6.17531233167215,6.35252970659045
202338_at,TK1,202338_at,2,10.8256726448077,9.05937985228929,9.2133936845571,9.50092579414205,9.38109407469862,8.61139480657217,7.89748576643957,8.36736412144755,8.47905965522756,9.00764602164646
217562_at,BRINP3,217562_at,2,9.57357624482874,5.3072784002246,7.4748829815751,6.77723647541448,7.39994461434631,4.52325045415123,4.50820207936788,4.91931972081211,6.48327766430575,4.54736093780608
221942_s_at,GUCY1A3,221942_s_at,2,10.3907195627386,10.4999833563875,10.6242409284895,10.5535026220592,10.0890933405765,9.40914482681007,9.32670286592263,10.0543046909778,9.27940837618521,9.06844308730025
213508_at,SPTSSA,213508_at,2,10.7862342551896,9.71059396184638,11.4263663653965,10.9583509774919,9.892662691338,8.9383466977043,9.29288056713171,10.2529480122374,8.94759980923257,9.22356906683809
205498_at,GHR,205498_at,2,10.1021428733261,9.12087904565561,8.74929081556598,10.665250670928,9.58213777028779,6.57825582145739,7.17366981033763,8.72470573068276,7.44486890345063,7.68374355576086
205221_at,HGD,205221_at,2,8.78385701492566,7.50903586411912,7.44916926616513,7.58177619314027,7.52201498881031,5.9011508571521,6.66539208560169,7.32411953290091,6.34836777682722,6.60092456097019
209016_s_at,KRT7,209016_s_at,2,11.129697608979,10.8191331629016,11.2822800919731,11.4656763943628,10.3502751661558,6.16395152737195,9.39963548680429,9.78502389168616,9.85987871393526,8.9334762437012
203814_s_at,NQO2,203814_s_at,2,10.2597033461418,9.80330111685328,10.1626299037249,11.1857954732403,8.77596771423537,7.79485954289549,9.54230741094396,9.4591598108613,8.68774175551231,8.97957012998489
207102_at,AKR1D1,207102_at,2,5.13487860551204,4.69098391306153,5.19306351917785,8.95596980482282,7.19229703412113,4.51251865189358,4.5436486752075,4.56903987400777,4.66590906305603,4.52609710211404
206945_at,LCT,206945_at,2,7.86625764464789,7.34691870388482,7.33860731769444,9.49756262763465,8.83185772986719,7.15447917625229,7.16236680253703,6.80995232524965,7.35513085060961,7.1706676479636
205311_at,DDC,205311_at,2,6.91665480673802,6.89269312100584,8.02225251650926,10.6276642472152,8.62164623607809,6.87007891199687,6.67061171943377,6.65141258746645,6.5596450573266,6.67752951855991
211416_x_at,GGTLC1,211416_x_at,2,9.11181028165883,8.12140774230336,8.62560756438787,11.0204845507445,10.982729088044,7.83131393987208,7.57941313217647,7.71881824885209,7.60249533644158,8.66485353611191
218440_at,MCCC1,218440_at,2,9.24405773543508,9.45800636749428,9.16716425288592,10.6162118798496,10.5374156789618,8.87142333709785,8.45013364566963,8.50077933566388,8.68612878502304,8.26250724467765
206714_at,ALOX15B,206714_at,2,10.1560207218145,9.40126546654964,7.39900833795246,12.5498797899166,10.3028854859061,7.68046953746801,7.80629108646228,7.43620865575827,7.43670345269119,8.471486519013
211056_s_at,SRD5A1,211056_s_at,2,9.72711521759633,9.05552647479763,8.97152856581197,10.3479684691394,11.1188117889097,8.51088963102065,8.33624708984735,8.94738525235148,8.62664933544457,9.10875517774056
210959_s_at,SRD5A1,210959_s_at,2,7.76217125844466,6.75608613156326,6.82046449056659,7.87208191106802,8.41032534210963,6.21387897431744,6.19180256428962,6.81371320821808,6.45666735389954,6.49546065994991
204675_at,SRD5A1,204675_at,2,10.4536076809781,9.33137476985945,9.46117614787812,10.9153476250772,11.6664766461761,7.78969799044164,8.30977940872061,9.48369287173185,9.19224536641193,9.36312219828414
202780_at,OXCT1,202780_at,2,9.03877464928404,9.11162146674551,8.62451756118819,9.96552790193914,10.6408515282786,7.74060036310989,8.03219186706942,9.34500600093543,8.52556869695112,8.31031551922839
209366_x_at,CYB5A,209366_x_at,2,12.9061466476199,12.0076432402286,12.0331876434612,12.578765273804,12.3882383326185,11.3033793887619,11.2892413897584,10.9782533515516,11.1241174617892,11.2937440933674
207843_x_at,CYB5A,207843_x_at,2,12.1456337555672,11.3698729561248,11.5042355514734,11.8865604797869,11.8428028034927,10.7118957989635,10.7162243295365,10.3721802721799,10.6476855624757,10.8035005415635
215726_s_at,CYB5A,215726_s_at,2,11.8529484635388,11.0655851373622,11.1689064163369,11.5372079876624,11.8679153536765,10.409045118451,10.3197413961961,9.85025384086897,10.409045118451,10.3437094913876
203060_s_at,PAPSS2,203060_s_at,2,11.9007124334493,11.1238201007294,10.8618520121479,11.2794780460378,12.0087417812018,7.80699534756015,8.45633064713862,8.2963152357006,8.21562021925563,9.45066792678923
203058_s_at,PAPSS2,203058_s_at,2,11.2053436617152,10.7398238295711,10.1674548103601,10.5055555304091,12.0352885784341,7.56157908718358,7.86497639137414,7.58187391884989,7.73928257606174,9.24626724624814
206827_s_at,TRPV6,206827_s_at,2,8.84225880046269,8.30563314553657,8.02410100906379,8.69874173694248,9.7105380774562,7.22894184290573,7.09178634791808,6.84985971288278,7.13106642286828,7.24029340178066
203059_s_at,PAPSS2,203059_s_at,2,9.7287805030005,8.64982569255909,7.90760560205185,9.18977788508511,10.3008518801371,7.44422768130395,7.10390589562399,7.23236825345063,7.48918592146095,7.98462418149455
204973_at,GJB1,204973_at,2,9.41810709489933,8.48747091496449,7.73141600055892,9.01042752239166,10.3398507935395,7.78570723775403,7.86489697906954,7.67393268755975,7.84712505235246,8.4202847386392
207275_s_at,ACSL1,207275_s_at,2,10.4927926997469,9.35417817308008,9.12907673232015,10.7078257475868,10.5563314811309,8.07797303742128,8.36087848790256,7.92967645344563,8.26657693739487,9.97953440480252
201963_at,ACSL1,201963_at,2,11.5508648224008,10.6173229390844,10.1040634987825,10.9050820763955,10.9327112112799,8.54502806985607,9.44880050329315,8.57988518098812,9.32362653325984,10.9231382776705
201952_at,ALCAM,201952_at,2,12.7561423621919,11.9084814276972,13.5153098001132,13.2987588702116,13.2580890869746,10.7848262464273,10.9353699973577,12.3470663991867,11.5803760655522,11.174411532211
201951_at,ALCAM,201951_at,2,9.7380821971991,8.42600990651525,11.5535781177754,10.4487396660818,10.6122471915343,7.73364121276946,7.69560119422031,9.46906653240113,8.61070387428565,8.39498070315458
203824_at,TSPAN8,203824_at,2,8.38807507314907,5.66480337188892,10.6947619558566,8.23891627485411,11.1983655173482,4.99681548039118,5.25395000051837,8.327268366888,5.06662130972329,5.00582883280165
212325_at,LIMCH1,212325_at,2,8.02729707826944,7.16315641878573,8.339208939187,7.68920844878255,8.81841401918455,5.5776289587379,6.34421264029524,7.03418368184061,7.45920965015532,6.72028915675208
211621_at,AR,211621_at,2,8.5820323857864,8.00683879459617,8.46107199942806,8.22010819988834,9.01660600912959,6.64135586960476,7.35056547088192,7.76117138541944,6.90189664426651,7.39039839880179
211110_s_at,AR,211110_s_at,2,9.07062469866796,8.71437648439849,8.73313074486531,8.97146895604864,10.0900569322745,6.94597556908515,7.1721107446402,8.42945157553033,7.33073834859957,7.60167672120723
211682_x_at,UGT2B28,211682_x_at,2,11.6181635026568,10.779730574723,11.644801789306,9.18644212374612,12.6244643724139,6.97420701288651,6.75367743929723,9.16245640631447,7.1334208504068,8.47559374897866
214451_at,TFAP2B,214451_at,2,10.1769196442276,10.0603908239576,11.2011400821682,10.8888253205744,10.4037513519829,5.00100973726427,5.77997923430927,7.18955369358616,7.32790585441884,9.05713685811811
206509_at,PIP,206509_at,2,13.1254435893546,11.8970519588234,12.9210306693752,13.3458625580317,13.6471430203772,8.74149185221232,8.47803072637401,11.3072829759039,9.10903151572272,13.198543660079
205197_s_at,ATP7A,205197_s_at,2,8.22266216247804,7.77084768595945,8.72056025760402,9.06619343949301,9.12238321457932,7.27196907663507,7.12937180852943,7.65716786597686,7.42766654390429,7.84528926245279
200862_at,DHCR24,200862_at,2,11.8836610122408,11.2096043319639,12.5906645403351,12.4587090012575,12.5169490442019,10.3154958736995,10.277728988973,10.9357558199639,10.0715511349881,11.4819373545923
210830_s_at,PON2,210830_s_at,2,10.2479980767708,9.99515582194594,10.5177521630283,11.158205581886,10.5033118125987,9.10285912489098,8.82049495284062,9.60632494166523,8.81660367617896,9.35676950566184
210319_x_at,MSX2,210319_x_at,2,7.51937079014977,5.52301938480434,7.19037806325135,7.00619849802463,8.3070411520892,5.62420678748037,5.46736062992266,5.95138411286653,5.7005710612931,6.65073241753846
205555_s_at,MSX2,205555_s_at,2,8.15442876860044,6.45014557007495,7.49003862778408,7.65491819451118,8.15000461865758,6.59225264028496,5.78918051295695,6.48365448721214,6.14609257044406,7.09257425313132
209306_s_at,SWAP70,209306_s_at,2,10.1097532431401,7.95009469969136,10.0149558559285,8.88993469914675,10.5336090242555,8.08175730555511,7.5620247091955,8.40369766101023,8.35912800552356,8.12238449162638
207981_s_at,ESRRG,207981_s_at,2,9.20860087041586,6.0232552492642,7.91262656465653,5.93431442683335,9.42017930012815,5.05739802706831,6.01073279282805,6.48139588526488,5.6316048427775,6.39646659856142
217284_x_at,SERHL2,217284_x_at,2,11.7265729986124,9.74072008740223,11.4360349744468,12.8188123758691,12.6865057095916,8.08820228020747,8.53408512519031,7.97277908936281,9.36240823474953,7.79042345899744
217276_x_at,SERHL2,217276_x_at,2,11.3022782520634,9.4673703451922,11.0152445733994,12.5666080402946,12.304879486164,7.86946890128746,8.11123552629395,7.63497723012713,8.99368706247787,7.41773978448274
202741_at,PRKACB,202741_at,2,11.3893188595476,10.3121505816002,11.2197790041841,12.0069488135372,12.3996933209049,10.012534691728,10.7688134725051,10.2174124803109,10.1364465553542,9.51617049193541
205567_at,CHST1,205567_at,2,8.67243669965602,6.97736397232695,7.11192605760671,10.0265847550697,9.6500071993245,7.28687064479642,6.37489233431804,6.51300063735529,6.79186599377392,6.51635471220615
203021_at,SLPI,203021_at,2,12.0408988489575,8.95341738367002,9.43269233236875,13.0745719799085,12.3127368645919,8.76966390635161,9.53181818708534,9.08696924560971,8.842719226774,8.16529687870683
211070_x_at,DBI,211070_x_at,2,12.6365506984811,10.9414768529037,12.0917694507771,13.0065518243977,12.7850890602333,11.4451661234988,11.1514682397585,11.5788962057388,10.4546761129437,10.2187881191537
209389_x_at,DBI,209389_x_at,2,12.6045811177132,11.0200498091692,12.2077131180844,12.9210510238192,12.8845124250437,11.3817441470374,11.0506030113622,11.6580987128573,10.5598118835802,10.4087105360918
220030_at,STYK1,220030_at,2,7.07793706895654,4.37800017382085,6.56162167814364,8.16396849926398,7.80582834977644,4.76476094119274,4.77884875722468,4.97048102044733,4.44944409783412,4.84364005448969
214765_s_at,NAAA,214765_s_at,2,8.43487664987969,7.60394194135525,8.468803407657,9.46839558442661,8.90130630123988,7.38509726245773,7.3274359930301,7.31497635310363,7.14895197583323,7.36534491477187
219104_at,RNF141,219104_at,2,9.10554503918573,7.66033463161524,9.24489604092435,9.66587893132753,8.99381362889646,7.96873345602605,7.51931184553712,7.38444796613667,7.76208884788443,7.70877028714727
200632_s_at,NDRG1,200632_s_at,2,11.4645478146186,9.83195280861685,11.6339700579422,12.121633723718,11.571397444301,10.0746841956957,9.67487451696825,9.44078024671177,8.9445666478575,10.6694319853649
205030_at,FABP7,205030_at,2,12.2416304200431,6.67521389050442,13.4113901462423,13.4092399517269,13.497180115018,5.80565099504101,8.14316798454261,6.30680472767729,6.63096810272567,6.36128924216051
205029_s_at,FABP7,205029_s_at,2,10.2596889213157,4.83899286140824,12.1836831260126,12.4727914619434,12.3660637244384,4.36299300208562,5.16514224988581,4.59086150150807,4.47625461168378,4.62270546601442
210663_s_at,KYNU,210663_s_at,2,9.67614545621606,7.2927446888296,11.0659674500434,10.8973447512692,11.1066355578857,8.02279176414024,7.60168053517786,7.99195383563085,7.51898364779212,7.83047305394239
204385_at,KYNU,204385_at,2,10.459500937282,8.80403054107893,11.4352990587551,10.9015526063972,11.3906434173744,9.00625348297022,8.85442518549292,9.11822937528136,8.67990478848038,9.11795618952
218800_at,SRD5A3,218800_at,2,5.88358057194688,4.74245114762309,6.19191745051126,5.78752279819485,6.93508294612804,4.62921675023567,4.69363354862714,4.87776568873439,4.87776568873439,4.65924527583464
213624_at,SMPDL3A,213624_at,2,8.81468551758327,7.3870629818736,9.98084646936553,9.08044191013439,10.3800866866837,7.44101616649761,7.74429488339437,7.65646763878889,7.11607419166348,7.151802022357
217388_s_at,KYNU,217388_s_at,2,10.8713764805197,6.8818936345173,11.5891973491457,11.0467630523375,11.1566545317606,8.5817188672907,7.51989527014512,8.41231899469083,6.50819436438871,8.04989497105159
212543_at,AIM1,212543_at,2,10.2427758492498,8.38979426104827,10.6925449231436,10.1674541201649,10.3113072097665,8.67318710230568,8.92735396620946,8.95400445291187,7.96054539836696,8.88462545289744
211138_s_at,KMO,211138_s_at,2,11.7546589090864,9.2877909606473,11.7288435741768,10.9318397404642,11.6317339339405,8.8792695085145,7.45808126208642,7.7344235254608,8.46290543657893,8.90863039047042
205306_x_at,KMO,205306_x_at,2,11.3985730752854,9.14164032186913,11.3942701314159,10.6132928693577,11.4260960980639,8.62969919629287,7.42436393663743,7.40996620408714,8.2825677049975,8.7461752071906
209799_at,PRKAA1,209799_at,2,7.10581062551621,6.15931672573976,8.04551425497904,7.17387554474219,7.80158259216418,5.47339228246946,5.35115104501643,5.22550331739492,5.40845224564712,5.44842794034288
211708_s_at,SCD,211708_s_at,2,8.61404984539108,7.48533109147407,9.30947038961376,8.33402433654413,9.37391071171334,8.13895920130513,7.19541235302323,7.3984961350468,7.23116525180169,7.27801417537403
202742_s_at,PRKACB,202742_s_at,2,8.16667256285203,7.06258584281282,8.69326328818043,9.05970688186655,9.78556773508063,6.6579237819644,7.35603545591168,6.78953374873232,6.98593637689734,6.73170614924026
201983_s_at,EGFR,201983_s_at,2,7.11953238696699,6.54539353836714,7.83891904397493,7.93627376886515,9.31584555002954,6.33319318747701,7.04337686755981,6.40146484842271,6.57172328495808,6.51832759555593
204388_s_at,MAOA,204388_s_at,2,7.34900215672298,6.55980741694213,8.13619949719466,9.62084612813123,10.6287621233397,6.58997978898152,6.72529304270958,6.96281537031133,6.66253671256234,6.46896211341606
204573_at,CROT,204573_at,2,9.5801076763311,8.66321123785401,10.3659303809319,10.8081955804367,10.7924444282125,8.59385082475513,9.36693091879154,9.09046596752836,8.76397202158049,9.04910626049454
203180_at,ALDH1A3,203180_at,2,8.32089760249675,8.6809737176909,9.66226783671384,9.50578212710489,10.0799779580869,7.40543110329667,8.2511222510906,8.08971617564323,8.26378980738084,7.74592851600328
214598_at,CLDN8,214598_at,2,8.98400621167653,6.86336370636617,10.1275443511555,11.2156429348944,10.3222068621129,5.70954247564668,8.2802405461564,5.48878617974582,5.93156059863464,5.79063417242963
204347_at,AK4,204347_at,2,7.70618577249867,7.32384639426213,8.85220519921608,9.39720191862297,9.33963432851987,6.72380516693433,8.31703783790797,6.51752169487797,7.14317160265413,7.3289378569195
215465_at,ABCA12,215465_at,2,6.19260221244027,5.19347783092324,8.37316131889422,8.00839159673244,8.01875986051935,5.80767074203346,6.65715654741486,4.89623623054085,4.90714813093422,5.33911639827543
221583_s_at,KCNMA1,221583_s_at,2,8.10824210965096,8.31922023700359,9.11055975229898,10.1654464027592,10.41332191646,7.03484508743285,6.97370172141757,7.25046754376568,7.26749783419363,9.8623423449513
205073_at,CYP2J2,205073_at,2,8.23685079483499,9.02025468281763,9.42935978908612,9.90611629316465,10.7993577620887,8.02657211152948,7.48259959689275,7.62878943665317,7.62498985012844,9.21297254928229
220615_s_at,FAR2,220615_s_at,2,8.82177649207297,8.56608984535407,10.3807595235985,10.1446504830242,10.8344482206949,9.04972418673047,7.94081874448611,7.30757426800196,7.29482031288043,9.71841706743871
214875_x_at,APLP2,214875_x_at,2,10.0988529934804,10.4314156144139,11.5693421674747,11.8607723781456,10.4588318301143,9.97936742264347,9.49828083128887,9.35354092593604,9.08923653593288,10.82290372122
208702_x_at,APLP2,208702_x_at,2,10.6916647956207,10.9821857507822,12.207283596468,12.460066672198,11.0319842080143,10.4752601994601,9.86669987647191,9.867921864679,9.44514519338199,11.3400459519324
211404_s_at,APLP2,211404_s_at,2,10.2019656097776,10.5797402919587,11.4327276885376,11.6974739351622,10.2636113940313,9.98679700267507,9.18436740262668,9.5205874838958,8.96283639334303,10.6810973708426
209616_s_at,CES1,209616_s_at,2,8.57146274224821,8.40332021311936,10.6883851357006,8.70284178516949,10.0744185443397,7.84634847856141,7.3413105323934,7.1758815005711,7.40515472855633,8.1865479686734
203837_at,MAP3K5,203837_at,2,9.11811436233196,8.86496907532343,9.96403641354488,9.17231119779482,9.50873030965615,8.25145311882104,8.69688332900538,8.27381710813594,7.99940771939878,8.39975403788441
217889_s_at,CYBRD1,217889_s_at,2,8.23157709178236,8.45767303918047,10.1240480833686,8.23297952342059,8.92550709672494,7.26174004057449,7.22170677939833,8.10181134608022,7.97294202022056,8.02372896014093
206166_s_at,CLCA2,206166_s_at,2,10.8509795870902,9.81887678519595,12.3305653612922,7.11976285228846,11.1103292175916,5.93906730229875,6.9633196579251,6.31731765549226,5.91158143524886,6.17761619558796
206164_at,CLCA2,206164_at,2,9.50671999263863,9.09252118178259,10.8933090260842,7.29741423269703,10.0235281201373,5.66205184680752,7.23930730093389,6.20249567430713,5.43531163833173,5.90813928996386
217528_at,CLCA2,217528_at,2,10.5339461053776,10.0360217827228,11.3255778529753,8.05348155382427,10.6187098170695,4.94593904831678,7.84772272830108,6.14816323744438,4.52136200999901,4.95828057191063
206165_s_at,CLCA2,206165_s_at,2,11.907238970755,10.9689668664997,12.4424070271013,9.60183876416373,11.924503489769,6.16836774840601,9.5079444359454,7.56649676852148,6.06217277224685,6.79658025316714
201701_s_at,PGRMC2,201701_s_at,2,10.2086579301098,10.2696584101258,10.3097840848881,9.37683785975932,10.4184308320212,9.01740430283883,9.07432026108686,9.15538365326616,9.24277722296942,8.83365034032898
210896_s_at,ASPH,210896_s_at,2,11.6319513451011,10.9849558767314,12.2676208396099,9.74316099993567,12.189962700484,8.53266344578101,10.6087092446849,9.80975466310188,9.90908409334016,9.93237152303748
219984_s_at,HRASLS,219984_s_at,2,6.14474355044385,6.76987528376613,6.79159042892493,5.86881702864873,6.20912940332426,5.70382174115573,5.17106042599842,5.45069533274421,5.05502808469658,5.23206101619564
219983_at,HRASLS,219983_at,2,7.13525669912762,8.16782211615126,8.01894497770052,6.94133807177302,7.83556271962434,6.42132495421959,5.87557797245957,6.2162578242888,5.64619633955034,5.48469166910653
200868_s_at,RNF114,200868_s_at,2,9.38174970953632,10.0818022550991,10.6269300155437,9.91746010317573,9.65360768827658,9.69046139252042,9.03718280781974,8.65158049971476,8.29998693486433,8.75007286576734
217356_s_at,PGK1,217356_s_at,2,10.7550261131889,10.1478381582746,11.2638028181168,10.4991171949678,10.0272855901608,9.81368053785558,8.85282767801983,9.35697746899006,9.40883802253091,9.79034956778078
203222_s_at,TLE1,203222_s_at,2,7.78790697320625,7.84820432339526,8.2182183604873,7.31269780666515,6.76762102445677,6.74266808386613,6.41113751212557,6.54425216804587,6.29616479911143,6.3875363589931
207076_s_at,ASS1,207076_s_at,2,10.9446565986793,11.3054825743079,11.4817116251819,9.96311385356332,10.5201780462004,10.1751687120349,10.4346068606058,8.49161457933106,9.62798429138733,8.22126331972927
212218_s_at,FASN,212218_s_at,2,10.2380207751572,10.5102200151332,10.3220095303907,10.4499572194527,11.7053256431483,10.148972564192,9.56958708420566,9.2855733983304,9.02689794866031,8.88124891067267
204942_s_at,ALDH3B2,204942_s_at,2,10.3712479093912,10.7271425795206,11.4537359684507,12.1759301992134,11.7070704290491,10.667720064886,8.84685916789139,9.35389819216995,8.35075819485838,8.47844454693478
214079_at,DHRS2,214079_at,2,10.6325616511419,11.5801872085761,12.5036753567783,12.393889589719,10.9756765310421,11.2063419204341,10.4436806193178,10.6828929303722,5.87232368003725,5.94438718317681
206463_s_at,DHRS2,206463_s_at,2,9.6646255626731,11.0668402452479,12.5735723845891,12.33825759279,10.3082412280222,10.5694885397843,9.19573618442078,9.81916983125162,7.71744056824061,7.66773055899609
221865_at,TMEM268,221865_at,2,8.48856237513532,7.99280325694343,9.20631610067234,9.57189848966034,8.71428847055216,7.80279567745185,7.85131795597731,8.29927692988377,7.61820769953177,6.53221210245748
219736_at,TRIM36,219736_at,2,7.82776554795315,7.55344498955635,8.85205180578773,9.24121639539847,8.46018762276435,7.22409501329637,6.91924512823438,6.91924512823438,6.6885579049893,6.10284568361096
205258_at,INHBB,205258_at,2,9.74642136113571,9.36274806152219,10.3247295888418,10.2876397916316,9.27942433421935,8.73948011685287,8.4524019551216,8.28662005367641,9.08818388998703,7.02329788692092
202942_at,ETFB,202942_at,2,10.6130994484399,10.5926839113895,11.1535317480333,11.6834313879186,11.2043529728555,9.37484707120976,9.14340730399385,9.94202267234806,10.1836680173377,9.16198039161276
218092_s_at,AGFG1,218092_s_at,2,9.29218785410374,8.4879288002131,10.18286281419,9.18205798328025,9.13512703089021,8.96320359597346,8.2522441066346,8.28927097481409,8.16837746302707,7.59984043543029
213341_at,FEM1C,213341_at,2,8.78054723245609,10.7967563525328,9.11244972350418,9.42864081888575,8.71184381910519,7.68535241418247,7.93980797082068,9.19400554749437,7.98760075082333,7.46490405466256
204669_s_at,RNF24,204669_s_at,2,9.46765478827914,10.4573891175283,9.73533308877568,9.57871245446434,9.16265263019046,8.58308476784597,8.57572145683042,8.75445328625334,8.76549427571189,8.61191852714048
210445_at,FABP6,210445_at,2,7.44189835967659,8.15529561131071,6.4994615021644,7.47989158264205,6.93217616619898,6.38024797195689,5.98118882851631,6.28440561870748,6.14102396328261,6.44818171737902
216222_s_at,MYO10,216222_s_at,2,7.73626670577361,9.3206517453043,7.81290358513891,8.07752307292145,8.95598832930489,7.24274976808551,6.84128251905592,7.28445850043619,6.6551070732632,7.71740534788939
201976_s_at,MYO10,201976_s_at,2,10.1266438774036,10.9970917538954,10.4171836880818,9.82043159881573,10.9427367466137,9.01646708853892,8.7951767760493,9.33847056856496,7.83641486010213,9.56338995133174
201095_at,DAP,201095_at,2,10.3125603772521,11.3874826478453,9.93587327033721,10.8179359406276,11.599287628761,9.34764534818887,8.64214164573708,9.97211438261954,9.17823522997448,9.26738963718075
213217_at,ADCY2,213217_at,2,9.24781217845222,9.89669313341251,7.23242696502936,6.93341570112197,9.09268855471317,7.08563030363354,6.91694742825602,7.2592006870887,7.22392992955197,7.22208862474207
203632_s_at,GPRC5B,203632_s_at,2,8.66336925211771,9.79475601279246,10.77807614562,9.37795627081705,9.18734558211483,7.16456834897284,9.53573846738472,7.56669632279999,8.81815833970416,8.61592774784632
211953_s_at,IPO5,211953_s_at,1,7.34424294395628,7.07909986643887,8.20430740783884,6.39070998121131,6.99816277402159,8.05538022504619,7.96369805476704,8.43881288507293,8.6867128510508,8.88249529700953
203476_at,TPBG,203476_at,1,10.6485843714892,9.93328611899892,11.3260028462529,9.59978535876787,10.0345617666467,11.0154359288193,10.9848722573791,11.6921239911156,11.0939659551479,11.9098981880104
212287_at,SUZ12,212287_at,1,8.95240230765394,8.35409612416216,9.34889832735939,8.58889215877342,8.61372745796933,9.57977028027792,9.69364883592074,9.73033526141894,9.67122505079089,11.0683149716752
218499_at,STK26,218499_at,1,7.81847595497993,8.31512539180894,9.21457989211403,7.91347756912162,8.98436337691799,9.47373307778718,9.70215782214314,11.0565808178882,9.26798188430946,10.2639655450744
212678_at,NF1,212678_at,1,6.57229237623329,6.48213819153495,7.08216180123661,6.36995412242345,7.0829529164516,7.3636649452569,7.4878382102901,8.43061910404967,7.3634962541072,8.50649994114507
218330_s_at,NAV2,218330_s_at,1,6.6394502502196,6.31754634165489,7.00276726277677,6.05982778590803,6.48979540499484,7.28319828399873,7.94546741831393,8.43253356685985,7.38450422610933,8.46369683952667
212676_at,NF1,212676_at,1,7.44269612082442,8.1119552962921,9.18111614983469,7.23173729829455,8.67201891215734,9.45619748716117,8.97353678445987,9.80424043752918,9.13052414597404,9.95824044920187
218195_at,ARMT1,218195_at,1,9.29295205538291,6.52575696431944,10.1072181625984,8.33735755122409,9.3941891133504,9.86152682379607,10.4605836550181,11.3842722728244,9.57439386103026,10.8670619090519
212330_at,TFDP1,212330_at,1,9.49548497890342,8.6979106118053,9.81217851550811,8.54746252678687,10.1323086974272,10.4459370410332,10.3458905406861,9.76706853283345,10.4863933085638,11.1155009602626
212195_at,IL6ST,212195_at,1,10.3333052945506,9.17149005734935,10.0681682656374,10.104511126574,9.60962618289514,10.6455698110066,11.5671590197363,11.7659076010603,11.5839201668133,12.2611802864988
209112_at,CDKN1B,209112_at,1,9.24238547557639,7.61767590792207,9.52943531741266,9.87885100951197,8.8017649061924,9.6499739423741,10.2932157080466,10.8045786801487,10.2125845564506,11.1063872044859
202854_at,HPRT1,202854_at,1,9.14969411460223,8.43324215891412,9.60786686485772,9.64115552290204,8.76660841589359,10.4377528111043,9.65766358329504,10.1005601310473,10.584454284584,10.4989407094699
209787_s_at,HMGN4,209787_s_at,1,8.66318108145193,8.52921536033064,8.85169918733074,8.81036065170359,8.58300245281795,9.54198711656188,10.3969094549004,10.4032897851652,10.3938525684119,10.3429495527377
209786_at,HMGN4,209786_at,1,8.50190126718669,8.15106060795216,9.06899520242254,8.49808923989191,8.05417090231172,9.16019257034967,10.6061714169399,10.4326656837214,10.6572027856767,10.2069533386208
212982_at,ZDHHC17,212982_at,1,7.60291783048664,7.68500046786715,7.94916974945874,7.72628268025974,7.30409251564143,8.39389682957958,9.17765538418456,9.25792374897106,8.8814617591198,8.68190896350983
209337_at,PSIP1,209337_at,1,6.88543089207992,6.5366197736678,7.1574213599321,7.31161984388762,7.12658398659007,8.28065964488587,9.07755678760403,8.99809634714681,9.19373934786885,8.39171945596616
221823_at,C5orf30,221823_at,1,7.12979515778111,7.84978729509838,8.17165310893878,8.13283045237583,7.43909171437747,8.46063628071938,9.39721096835695,9.70678704206489,8.88894477478563,9.00289977853834
211988_at,SMARCE1,211988_at,1,9.988797513193,9.74340108359126,9.87699885451111,9.65536450516914,9.27574704036091,10.0820277955707,11.0091192527539,11.5925410741033,10.9902898308883,10.471248196434
201292_at,TOP2A,201292_at,1,8.32681753092859,8.68564567703854,9.17918609341514,8.37591931187591,7.64992880852665,9.45574932709816,8.84898032442017,10.9432086287465,10.2415510829299,10.6638458707082
201291_s_at,TOP2A,201291_s_at,1,7.93780635623209,8.29544442369486,9.2047113546358,7.92110185379331,7.21729764007116,9.26995581014046,9.33212950627235,10.9125221951029,10.4000654252271,11.1292061851153
218331_s_at,FAM208B,218331_s_at,1,7.440959605,7.62836866890534,8.6211799443962,7.92385274690493,7.12972449718536,8.60749674844657,8.37776347110598,8.88792107632574,9.03611558962109,8.92613716888566
204542_at,ST6GALNAC2,204542_at,1,7.94447447567142,8.6706462884161,8.69341427315979,7.89321146911801,7.94658436437841,9.52107529661893,8.41311793625787,10.0355613493099,9.85758716145968,9.54120730715968
203988_s_at,FUT8,203988_s_at,1,8.74036468166826,8.54146057775278,9.38833848708841,8.65015140289198,7.92964737839743,9.65212459172407,9.04011811348482,10.76431109927,9.86695597362788,9.50477687429362
201825_s_at,SCCPDH,201825_s_at,1,8.4118480768166,7.67937373333188,8.88988362015922,7.76205604790694,7.72487845949531,9.0619845809835,8.4195592962291,10.7152058341141,10.2119357768767,9.74744278321977
201826_s_at,SCCPDH,201826_s_at,1,8.26757060641622,7.888033160675,8.38520402234369,7.4921755309233,7.75755342102543,8.58489046491417,8.53504480183603,10.8101575580734,10.2734847485564,8.55067257339855
212196_at,IL6ST,212196_at,1,8.35428305021266,7.83652478079332,8.11468575834989,8.38867879849898,7.88514748206839,8.49156178152563,8.73723847530015,9.76385533832718,9.57538931648289,10.6306742877763
211000_s_at,IL6ST,211000_s_at,1,7.1333421510014,6.98362596379326,6.69678833550714,7.30134298276891,6.87289822652474,7.38729426322952,7.66214742817434,8.59053379147319,7.98078499088807,9.01495473386995
204863_s_at,IL6ST,204863_s_at,1,7.82182683257051,7.28252998711492,6.77940180511919,7.82770832977398,6.69458072488378,7.66603939576822,8.16894346693706,8.67014649047652,8.62622405275259,9.47366280909321
205624_at,CPA3,205624_at,1,8.62656331564803,8.36134759785227,7.99074442335453,8.61540861780118,8.18577960218784,8.97243464512371,8.96193848699596,9.71815731595055,9.89630213311492,9.88490421432135
200972_at,TSPAN3,200972_at,1,9.83738111373343,9.97356769173165,9.78699788428763,9.83944265390859,9.77168815571665,10.2700117085814,10.7220772700821,11.2782845921985,11.2766694589265,11.1494025186621
218502_s_at,TRPS1,218502_s_at,1,9.60255173093766,9.09066127243138,8.23511580411142,8.52947782150911,8.78832298433074,9.6089296745687,9.82620186341431,10.7636593710449,9.9837919083337,10.5750457464264
212051_at,WIPF2,212051_at,1,8.16425033412091,8.1020436296037,7.92263726709394,7.99828415619299,8.40260879241367,8.18844897536441,8.58977612749179,9.99497784302699,8.9068176678431,11.0156123707908
201987_at,MED13,201987_at,1,9.20081013151771,10.4370110167506,10.0615896497034,8.93564758823948,8.92638175694332,10.8675825442081,10.3131104085499,12.2874205489882,10.4039456138133,10.4278105451904
201986_at,MED13,201986_at,1,8.46479232077596,9.64632533195368,9.29775497455442,8.4717426990754,8.81559248992803,10.3233722526639,9.34188859709412,11.4255824264837,9.27006912952465,10.1419675180188
203620_s_at,FCHSD2,203620_s_at,1,6.31292550681185,6.31307470753234,6.94758513814892,6.55893729223999,6.11067124533247,7.07564318833213,7.55032466758978,9.32935694678537,6.93523050116589,7.50792041803667
208935_s_at,LGALS8,208935_s_at,1,6.99619198394813,5.6444889906963,6.42863750134669,6.14732108169082,6.1569834670844,7.47072199739922,6.92635625747714,8.28660744594883,6.82886707540763,6.98723902863626
204352_at,TRAF5,204352_at,1,9.053302667923,7.94290873476576,8.60715414997144,8.02751271554203,8.00849069282878,9.97582261374662,9.32349964835023,10.8856536311267,9.23803510612378,9.14074436344831
211712_s_at,ANXA9,211712_s_at,1,6.2983864590303,6.27643715478516,5.88565561313674,6.09112214457539,6.46280414279397,8.83210205254674,7.27172677239973,9.81420191470639,7.09028484386267,7.40224459844941
202975_s_at,RHOBTB3,202975_s_at,1,7.92307664048849,8.58474254921069,7.47601911956383,7.5327961486016,8.55141616528547,9.16970679373493,8.76017247566435,9.83814869771469,8.49265273568956,9.23928677310193
211756_at,PTHLH,211756_at,1,5.10026833166816,5.7099775824214,5.20398260734253,4.84470180258338,5.25304083670274,5.80954834205717,7.84997357520083,8.15347328319766,5.65942989916177,5.31652848686939
209988_s_at,ASCL1,209988_s_at,1,5.49314568047196,5.56655891727378,5.34365219131725,5.50867291504421,5.53147147217888,7.22040393701909,7.40215180955712,8.79582544363724,5.68070272256911,5.5108221811864
205009_at,TFF1,205009_at,1,7.63461131316646,9.43842980477797,6.45795433078023,6.57557995633662,7.12118428726578,12.7914635360055,11.6952399941614,12.899621178234,11.9823957634268,11.5342873327358
201236_s_at,BTG2,201236_s_at,1,9.67430026405557,10.0261410125017,9.48722513707842,9.23903378600249,9.42318995260896,10.8858035651409,10.9046046202903,11.3014769656249,10.8388677377278,10.6069241585463
205961_s_at,PSIP1,205961_s_at,1,6.96127930431856,7.0272905751872,6.78115037445345,6.97129162075346,7.01092217777697,7.95499606899631,8.07762533717752,8.48496529512657,8.30730266928341,7.87953221991006
217838_s_at,EVL,217838_s_at,1,7.85018974565441,9.25313140026452,7.288413476156,7.7550688557976,6.95517236662586,9.58047502671479,9.28377565225215,10.2480227605218,9.61359970179325,8.97148249269816
209380_s_at,ABCC5,209380_s_at,1,7.77810939316449,8.3382790841204,7.9986658607205,7.88136650777481,8.05836210876923,8.82963584173263,8.59176098070864,9.77827322485369,9.13535716719268,8.72670419667255
205401_at,AGPS,205401_at,1,6.3875386685246,6.88624863951507,6.44926394427421,6.75830331973335,6.34240878691311,8.05263885337466,7.22164368776085,8.11703496001969,8.00138217713393,7.14934880126632
209526_s_at,HDGFRP3,209526_s_at,1,7.64531820281268,8.37256869864936,7.21736702113178,7.27553548719288,7.70230928532921,8.72692945594177,8.80552203623537,8.63400993754085,9.04929150749022,8.28432078777327
209524_at,HDGFRP3,209524_at,1,6.91263638634922,8.08331001697237,6.36042538186709,6.17118506126749,6.64233426261495,8.590468254353,8.95369785081037,8.4939154195813,9.27342000105446,7.90685327677637
216693_x_at,HDGFRP3,216693_x_at,1,7.6231883053375,8.30238338102095,7.28845989948789,7.26993693378149,7.92844728488361,8.74605018729067,8.71216297708206,8.56824379208918,9.1294276988472,8.26444483382584
35147_at,MCF2L,35147_at,1,8.82090106831312,9.67383853176703,8.25645890768907,8.18371308187162,8.75289381095842,10.3655505477707,9.89874309657859,9.75903129858137,10.3495797500496,9.23805017151633
212935_at,MCF2L,212935_at,1,8.99436923314343,9.6547236366664,8.5085675573058,8.45614948274223,9.18167541371701,10.6166546526537,10.085441806327,9.88227730160499,10.57440583532,9.3887641763588
218677_at,S100A14,218677_at,1,8.03593398119581,11.1406683542788,8.87569968263323,8.0583839719602,8.51923315717014,9.91539373368181,11.1638514674258,11.5593567356871,11.024321027246,11.5927327044167
202786_at,STK39,202786_at,1,6.72557052826908,8.1699411830061,6.82574381175598,6.44655761069153,6.29578513088206,8.03786526806413,9.16834886472659,8.67962334241197,9.11012944569041,9.01562487993515
204623_at,TFF3,204623_at,1,8.88523078331332,13.1423770904595,9.57878241020431,8.28597909497802,7.83994187141018,11.6347059153155,10.5831201599266,13.8522774503918,12.3618912851939,12.144221426647
218694_at,ARMCX1,218694_at,1,8.75059854357951,8.7876304614837,6.79278774772378,6.73207903351767,7.21378698473088,8.52016777507886,8.73421037714753,8.95901396069687,9.68289496260553,8.57988986194581
219090_at,SLC24A3,219090_at,1,7.44533738255832,7.93893654462987,7.77297175670491,7.0680250151642,8.03760937089243,9.29016129117739,8.25216097792915,9.75894944914811,9.70151821959055,8.33177226096787
205691_at,SYNGR3,205691_at,1,5.64285725526938,5.84512728894132,5.6443792572609,5.44900572107665,5.86914006477999,7.298458058318,6.11940284337991,6.76080814935347,7.1889147488373,6.09232610283112
219474_at,C3orf52,219474_at,1,6.77869813151808,7.45770830917676,7.01355633177292,6.09509535668872,6.23266126790542,9.23677897363346,6.78498873470777,9.09317993915476,10.1722505732165,7.2414506530831
201860_s_at,PLAT,201860_s_at,1,8.65190045344854,8.73703837756941,7.95408899893617,7.11513255864851,8.69502067551243,10.5329055171359,9.10041891801863,11.8048437077024,12.4494168579675,7.86939701220539
214440_at,NAT1,214440_at,1,9.85700113405113,9.8300691943625,8.65332747736233,7.02084763990931,7.48895462756346,11.3245218174627,9.57076703070068,11.2200840553166,12.0411484247371,9.03137663488884
221207_s_at,NBEA,221207_s_at,1,5.19685810093407,5.3129856777361,5.89103810980312,4.98487005656155,5.41718921540823,6.84280659725012,6.51662856549087,6.8994158350284,7.93245901035205,5.32401295483292
209341_s_at,IKBKB,209341_s_at,1,8.37664784652077,8.0940782196543,8.87504824348795,8.46957326777319,8.37890304580665,9.50028215023363,9.26248807168209,10.220098093237,10.7023742832079,8.69960961853006
205440_s_at,NPY1R,205440_s_at,1,5.12175508143762,5.01030266339891,4.99171117731032,4.77475792740972,5.21397717816874,8.35805161457039,9.62295118174115,9.48880046856438,10.2463860410817,5.11883606492263
214077_x_at,MEIS3P1,214077_x_at,1,6.92365155704344,7.18787815496389,7.49930267080162,6.67283470136976,6.90371628378636,7.34428990167373,8.0888435043473,7.86998788925747,9.34243809452348,7.94808421578268
204624_at,ATP7B,204624_at,1,7.75944332714836,8.82454417279401,8.12667367881559,7.41545698447738,7.69356035526754,8.54239905996473,9.8261226293427,9.60964440117862,10.3761373813621,9.15090604456494
206167_s_at,ARHGAP6,206167_s_at,1,5.32789259992405,5.19749612766753,5.09830706483057,5.23518540217317,5.28048557504155,5.22822146133542,6.73663981412,5.56292319087379,7.40764906528611,6.4603923706591
219359_at,PGGHG,219359_at,1,7.24716830203157,7.41766783728785,7.32208226717989,7.29725206158564,7.32910377592136,7.91852821641839,7.81720514286908,8.46876268680887,9.95341071604985,8.28489510783625
219109_at,SPAG16,219109_at,1,5.71568241692168,6.19446328905872,5.34751356198666,5.79368603863132,5.55862299805314,6.7616140062985,6.42371169459011,8.37707405305606,9.25083433201204,6.86876158891189
204286_s_at,PMAIP1,204286_s_at,1,4.26862153233052,4.1791274699963,4.36650330465068,4.76936554344798,4.35485919948885,5.60293869706009,5.34012544868728,5.07083545413723,7.45702535925453,4.93100239444945
204285_s_at,PMAIP1,204285_s_at,1,5.24512013154768,5.79869612040258,5.82594138463066,5.73651392872181,5.79639025300839,7.65795049101686,6.95968402248188,6.63204353223647,9.36263165473725,6.66141860390647
222108_at,AMIGO2,222108_at,1,8.88908776974932,7.65489712139024,9.46403792984007,7.29815278007807,9.06754055241421,10.051210103475,10.8914551694129,11.7637718625899,10.6533435588375,7.94426590488617
212179_at,PNISR,212179_at,1,8.46049976944273,7.95638887735422,8.7863010941581,7.96708781329397,8.28114534847291,8.43603855021894,10.1843821185025,9.75973688295497,9.61001775739042,8.63003352908486
218901_at,PLSCR4,218901_at,1,7.92724061472292,6.43852174175635,7.20776778771588,7.19519004751061,8.01466646548647,8.01466646548647,9.41097929213062,9.55467310367797,9.14780031094499,7.78922232515898
204497_at,ADCY9,204497_at,1,8.46178246520856,6.56096701226928,6.89194587912377,7.89557498239232,8.27106202514307,8.58287657298485,9.43205601933633,9.10889711411942,9.05925412470489,8.47414792534565
212887_at,SEC23A,212887_at,1,8.68395621287582,7.09338090090271,8.88185190687411,7.68147119785439,7.66429063752533,9.02903307306899,8.62930924228693,9.70848538018778,9.48991888371384,8.28083613648227
202089_s_at,SLC39A6,202089_s_at,1,9.44507095402043,8.63814883181532,10.150724820273,8.2772173377332,11.7625252800548,12.061409277545,11.0736618649063,12.220463142651,11.6230874275963,10.5631436811799
202088_at,SLC39A6,202088_at,1,11.8571078241091,11.0233376793284,12.2054266793523,10.6688865784044,12.9971193225033,13.3498486605698,12.8342793532897,13.2648647938092,12.9933353456558,12.5060749798514
212339_at,EPB41L1,212339_at,1,7.3050935463379,6.26334865030902,6.81987703596023,6.7224673236932,7.44207991661483,8.76259293004744,7.41197881340507,7.84809615925971,8.16275106530943,7.44207991661483
220532_s_at,TMEM176B,220532_s_at,1,8.77638765622569,9.02797460872087,9.52541779449944,9.85097669225497,7.96657103772796,10.2488807360451,10.640492635091,10.0484378890917,10.2610868094015,10.2984491884473
212314_at,SEL1L3,212314_at,1,8.72651315977123,9.18396398681352,8.95597593801216,9.35452117060894,7.95692153757231,9.56607365357705,9.77290695362676,9.22689755553262,10.5129452269602,10.392954487084
212554_at,CAP2,212554_at,1,7.26662642031396,7.49343147738589,7.60193456319408,7.90156185145113,7.3563660564303,8.73832347710677,9.47392361243748,8.08005248991824,8.30044511574853,8.98345402708941
206115_at,EGR3,206115_at,1,6.3324081380767,5.75722979100567,5.81557618172586,6.2362513249154,6.41449135005305,6.98117242572792,9.56019488137019,6.52788039187597,6.44410817025335,8.54786489513992
213906_at,MYBL1,213906_at,1,7.24162376936391,5.47648687210288,6.2831780054271,7.07822054288572,6.44071271365238,7.68537482822861,9.01686047958854,7.20179097919018,7.6213500110262,8.27605703006449
204439_at,IFI44L,204439_at,1,7.74239647390375,8.57818664969514,8.26002650334303,6.49864810069274,7.9776419015439,11.1499479041913,11.7730664948484,8.88582909644311,8.82790513184299,8.2287383571888
203153_at,IFIT1,203153_at,1,8.02968805028904,9.94048021972141,8.75418684652883,7.05546620279156,9.31044469856624,12.147458384263,12.4887137231323,10.1860711348146,9.76769546868056,9.63936972813706
214059_at,IFI44,214059_at,1,6.81926688247604,6.94348173385649,6.85784422948136,6.48319499477328,6.83043720007237,8.69331377958239,9.29497458754843,6.81424044273879,7.27024373949931,7.24730050981477
205380_at,PDZK1,205380_at,1,4.91557898466013,4.88410179386008,4.86075348232455,4.8018239519793,5.16716474952318,7.39649097689696,11.1559367606441,6.67431703314228,4.99542171773044,6.49865084129611
203485_at,RTN1,203485_at,1,6.2987543079916,6.23921530621114,6.45439603860673,6.33484562214327,6.54864697471912,7.7727044299723,9.07852845281317,6.80536575101632,7.13421525908801,7.21803225896108
205862_at,GREB1,205862_at,1,4.54840998549348,4.60998824535586,4.9191634696115,4.6870351762655,4.74487682973715,9.78604269081059,9.70479658123866,7.82067469094609,7.22165771842323,8.76911538877503
205696_s_at,GFRA1,205696_s_at,1,5.61686354007184,5.53337384505793,5.49908762126823,5.1399422408402,5.59386585873941,8.84958303662942,8.56061229420627,7.48472157726388,7.09750521722797,7.0596356648736
203595_s_at,IFIT5,203595_s_at,1,8.26107705010189,8.42758822043512,8.60928509871431,7.99036487637218,8.2639769817419,9.9560139471029,10.155216286099,8.96466863868024,9.38037562616671,9.36969371794397
218986_s_at,DDX60,218986_s_at,1,7.23510956757327,7.23377433279528,8.16057366290705,7.18913628736612,7.91505502837371,9.43924019788435,9.7502174746894,8.7795963045039,8.55093192075413,8.34375240285232
203882_at,IRF9,203882_at,1,9.32516039191788,9.45703391284678,10.1639114266158,9.34833787664747,9.35874778634318,11.0597276118723,11.5573042666841,10.2406649120026,10.2351801748903,10.2173855497482
219001_s_at,DCAF10,219001_s_at,1,7.1771662171319,6.95170170939251,6.8318607879825,7.2692341904752,7.23120661054519,8.19368609561253,8.67516792892788,8.30384647407974,7.81495363632446,7.60704963637561
203685_at,BCL2,203685_at,1,7.18827932091882,7.18901449926465,6.41847677710009,7.19409143609416,7.67726894391285,9.48074706273551,10.3030851538637,9.21016017228004,8.65111786387685,8.30891238473211
204041_at,MAOB,204041_at,1,8.45993095699977,8.58969693355747,8.23212222397859,8.21711702456329,9.17049439525434,11.5186117041462,11.911549755083,10.9459063934604,10.0002245554321,9.32507897755674
202446_s_at,PLSCR1,202446_s_at,1,8.98559513664727,9.60610987757844,10.8827072689472,9.17332814606585,9.30783235252775,11.286536042562,11.3892933233732,10.564742865867,10.2253823618635,10.2057563413667
202430_s_at,PLSCR1,202430_s_at,1,7.26021273541592,7.59379109554588,9.10729031890495,7.30195150447873,7.37001320746976,9.24937559187372,9.4395548347436,8.99812148602199,8.66769605445033,8.17944705152994
211421_s_at,RET,211421_s_at,1,6.98290630567013,8.37882706861803,9.92967477003498,5.60059752913883,6.36943006538816,10.0999886309379,10.8111190285004,8.33172169273454,8.6857479502668,9.43203023520974
209417_s_at,IFI35,209417_s_at,1,8.181971705536,9.32821407032539,8.99503415807195,8.02890979568169,7.91800594360952,10.330016406838,9.93915369268587,9.69088729059935,9.026312862702,8.96181571322533
205552_s_at,OAS1,205552_s_at,1,5.43978709174197,6.71628408281899,6.46745377020565,5.37245512077016,5.76463375511552,7.81641684048238,7.89654696147225,7.23148435091971,6.44026403004745,6.46745377020565
202086_at,MX1,202086_at,1,9.1793967019908,11.3370005895613,9.97883172616757,8.51125110626307,9.46194232058614,12.6105067647077,12.2722152442628,11.0758072885099,9.8688237633453,10.6240206429593
214022_s_at,IFITM1,214022_s_at,1,10.9143560473202,11.6295910164585,11.9003484177226,10.6543863961729,10.2459000464065,13.0479878584513,12.5362700517272,12.0276519737448,11.3619466452017,11.6150683389163
213294_at,EIF2AK2,213294_at,1,9.34875880029998,9.95776728902176,10.0100063004166,9.17427295417047,8.97167318820862,11.0491877468698,11.5840365316633,10.7545057515719,10.2265414959758,10.1904182024016
213293_s_at,TRIM22,213293_s_at,1,8.28260501214913,9.007240217798,9.49419633686215,8.53603560012083,8.74019656550281,10.7147522265077,10.956064846233,9.72200597999672,9.04294061234799,9.49423579251839
204972_at,OAS2,204972_at,1,7.53985097787436,8.41685683064676,8.82555230583789,7.59459812140688,8.21174788232376,9.7487314254439,10.1937613181826,8.91728919441989,7.99301761811356,9.15473447675534
41660_at,CELSR1,41660_at,1,6.65452272465057,6.50320559131475,7.19051292395159,6.27950054874823,6.39803148116154,8.42272946567175,7.7219908133151,7.78440558358561,7.40465229388652,6.70497268872727
213245_at,ADCY1,213245_at,1,8.0164533220865,7.18002362263015,7.92749622001919,7.11725088431345,7.83791441606969,10.3685488576728,9.54003915646181,9.41079360538505,8.0164533220865,7.64161502518971
222240_s_at,ISYNA1,222240_s_at,1,7.52816363607942,6.95871444885144,7.58595718851203,6.78601893244559,7.35879831017048,10.0701711050069,8.34132988474629,7.86054044343659,8.17477050076504,7.62217313144524
205120_s_at,SGCB,205120_s_at,1,8.55685210810473,8.0117627468803,8.36242678636831,7.49196721942339,8.57072425362709,10.0272738558659,9.45764225804062,8.83284718419941,9.08689831291812,8.72449057938201
205361_s_at,PFDN4,205361_s_at,1,8.36124516012506,8.39950528725119,9.44712221542271,8.32828093858948,8.02069653566664,10.8292341198217,10.9855803301404,9.28132177415352,11.2512380963472,8.63190523498815
209460_at,ABAT,209460_at,1,6.41351399990762,7.79201232469555,7.01494322028464,8.39771299551293,7.18468489878216,9.93147387385928,9.66431246883915,7.76837515800416,7.71061635411624,8.79506089351044
209459_s_at,ABAT,209459_s_at,1,5.88531685567844,7.12499785843084,6.14004996968207,8.16917129138343,6.16285416514704,9.54915988542064,9.465431443425,7.58896807805473,7.61130900080767,8.46753089584161
201641_at,BST2,201641_at,1,8.12395983620512,9.52493482331634,9.29819904075325,9.3086085465511,7.72085683983137,11.7863311334301,11.2532438317116,10.4177717898544,9.76491222136642,10.4384876664372
203638_s_at,FGFR2,203638_s_at,1,7.31551495399533,7.86250391466676,7.50762692643642,7.20446469851858,8.03697086036841,8.69536429695737,8.91318401319796,8.11694552119766,8.91160573350617,8.34109947824786
202641_at,ARL3,202641_at,1,8.39266776918437,8.83367441500356,8.75594701607223,8.64488609649512,9.00480482932632,10.171474677731,9.97735091544344,9.54513491764807,10.1129138572378,9.7709678320259
219197_s_at,SCUBE2,219197_s_at,1,7.74424683910518,7.43777644036187,7.61514393018509,7.19656374232419,7.78122699534503,9.67107048845489,8.80684186986679,8.7575610896488,9.34478569799312,8.76776657615883
214323_s_at,UPF3A,214323_s_at,1,9.53806471424576,9.83040541261365,10.0172959199327,8.66468914781186,9.95255430457345,10.9821229843689,10.9076806340404,10.4373991152186,10.5070789361913,10.5278081288291
218738_s_at,RNF138,218738_s_at,1,8.68913594601315,8.06871546324788,9.09478085293571,8.59823007824813,8.64714568395672,9.72007699277441,10.0678386220998,8.97680479669084,9.85553251770807,9.60675007813237
206247_at,MICB,206247_at,1,8.28321535653751,7.76088113052964,8.0901211614608,7.84394437484471,7.68929922573776,9.88001675073635,9.40968366526151,8.51137732843696,9.52701174198947,9.78546348883589
209604_s_at,GATA3,209604_s_at,1,10.6161114144471,11.0920978660084,11.2612817330424,10.0228381591414,10.442733105831,12.952051975673,12.4832215883437,12.4589644399001,12.6194588141729,12.560795552099
209603_at,GATA3,209603_at,1,8.32416668612496,8.54295231342527,9.00262326260903,7.38121853405509,7.72359246715643,11.1558382658202,10.4459643617859,10.6401327254355,10.5004108536059,10.4892661152783
209602_s_at,GATA3,209602_s_at,1,8.70985337792214,8.75522479864573,9.63164455893843,7.2903291734537,7.8846575247982,11.2981906324747,10.7209037763664,10.8108663441493,10.7617818776044,10.8648107973
202357_s_at,CFB,202357_s_at,1,8.89683664311601,8.53558829084772,10.1008929919387,7.27974611969168,6.90695710216108,11.1533100682535,10.6131097465349,10.9336823761019,10.8249619030709,11.0355380356452
203741_s_at,ADCY7,203741_s_at,1,6.85465635430145,6.73005653225147,6.84208265147244,6.52949739377659,6.09181242696179,7.99314922979074,7.91431241657775,7.4288543981609,7.75917555217737,7.34181348094832
221230_s_at,ARID4B,221230_s_at,1,10.0051256713575,9.05616995393621,9.86070339762964,9.04691793089048,8.96395672766511,10.8036652697266,10.4884852009753,10.6866491862648,10.1806469277376,10.3043027729665
201243_s_at,ATP1B1,201243_s_at,1,11.601439175284,10.8123771588754,11.5138926202049,8.99086239364643,9.66856678118191,12.5716270800267,11.8395308866976,11.7806470247269,12.082643843789,12.3680740659428
201242_s_at,ATP1B1,201242_s_at,1,10.3455313431359,9.29639668671517,10.344135749304,6.93847158826913,8.43290425842841,11.7101123727038,10.4579736897292,10.2369797051386,11.2837920892148,11.5200900083938
221505_at,ANP32E,221505_at,1,8.88752358415488,8.55684083294942,8.1466594382681,7.47007439159202,7.43259674980808,10.2302619978118,10.481477271416,9.52595800327672,10.1485113804871,10.4732329344588
213400_s_at,TBL1X,213400_s_at,1,8.34162332715213,8.41371110932411,7.85157674498871,7.28545654102546,7.71299377693036,9.47987583731894,9.52186438169934,8.82301730789761,8.74669037945526,9.21117705313917
210976_s_at,PFKM,210976_s_at,1,9.10743190630295,9.73623622181992,8.84409341917076,8.7426015259739,9.06621435618659,10.2850440027344,10.1456741145364,10.208917995082,9.83921540667023,10.5651714829661
209443_at,SERPINA5,209443_at,1,7.04082918051455,6.9630016310826,6.45795433078023,6.65303769867886,7.26092729378322,9.19574757021337,9.17329788649405,9.29090566906781,8.08403946997677,9.62371744504452
203627_at,IGF1R,203627_at,1,6.66397693801218,6.68198715603669,6.73491394252684,6.28007956187674,6.86001613234857,7.80124504060553,7.95641283242699,7.7976845431974,7.10085359607462,7.7616921789969
205225_at,ESR1,205225_at,1,8.04917025724954,7.08073337172239,8.80570750742876,7.37062445924816,8.54548970296075,11.7011383923621,12.25660693461,12.0805462826092,11.3397381010087,12.2983889633565
207181_s_at,CASP7,207181_s_at,1,8.81358454795888,8.34004969621536,8.71511827097078,7.71574872656467,8.36930714179528,9.06266872468964,9.44270738153066,9.24583957739304,10.0128005806477,9.36377090566001
201218_at,CTBP2,201218_at,1,10.2474976304612,9.56427409482775,9.92890582092112,9.01113110198081,9.18945806351632,10.1748350456162,11.0249036951236,10.4871375746499,10.9723756849664,10.5053059518336
203566_s_at,AGL,203566_s_at,1,8.09838328924671,6.68395875000486,8.83907183091927,6.57749853787653,7.91904320021889,8.59206096574296,10.6877591064779,9.30151306121673,10.1575322700563,9.82990352609506
218247_s_at,MEX3C,218247_s_at,1,8.36994927289794,7.77339329483072,8.89575522678902,7.38338798869255,7.4796364242294,9.02471687358722,9.58668161766105,8.3390638201476,9.42141565741186,8.79437640419287
218224_at,PNMA1,218224_at,1,9.52531642173766,8.82903654660591,10.044399551379,8.76433214391904,8.30490985345923,10.1318171629865,10.6179671083957,10.4461750035515,10.5796941427869,10.0410100300228
208103_s_at,ANP32E,208103_s_at,1,7.81374711074525,7.84649063816313,7.23200754173091,6.51389911783844,6.55780823982399,10.047374932441,9.0158866963955,7.96172164066659,7.73602675801408,9.37526938414343
202575_at,CRABP2,202575_at,1,9.86610201113548,8.68346162071848,8.15730706300985,7.64065583334482,7.56572330078371,12.1265738408874,10.5047464134632,10.2800910630915,9.98096900143111,9.90590601309703
200615_s_at,AP2B1,200615_s_at,1,8.6586690775239,8.75524936764233,8.58166333485011,8.57514959706295,7.74437600616362,10.5174863762636,8.83079344867089,9.58055566505631,9.02024163261443,9.7102329274802
205186_at,DNALI1,205186_at,1,6.00075934503031,7.30528436066743,5.60276747415136,6.23442087939713,6.33492809781059,7.84123054292936,6.99866602597303,6.84003039667369,7.406297973921,8.08351168873198
203414_at,MMD,203414_at,1,8.57211021896088,9.18943100089406,8.04395258096812,8.38177047711808,8.65516594746433,10.145745219458,8.69829134383245,9.32940944996325,9.9720663497172,10.023872858664
212551_at,CAP2,212551_at,1,7.44851819677839,8.29547688121653,7.52113491734103,7.77206033600899,7.71575584856413,8.79047003231138,9.01991473236063,7.77206033600899,8.43897360523771,9.81788160245524
